{"means": [0.0005179086001589894, -0.0027031823992729187, -0.0008174825925379992, -1.7770320255294791e-06, -4.346219793660566e-05, -0.0002616028068587184, 1.7976293747778982e-05, -0.00023586599854752421, 0.0003263499529566616, -1.729677569528576e-05, 0.0008190470980480313, -2.1852054487681016e-05, 3.258425567764789e-05, 4.9631562433205545e-05, -9.263138053938746e-06, 2.546319410612341e-05, -1.1243344488320872e-05], "stds": [0.9022138714790344, 0.9431617259979248, 0.9148954749107361, 0.9168153405189514, 0.9360764622688293, 0.9063764810562134, 0.9276477694511414, 0.9108887910842896, 0.9322002530097961, 0.9190111756324768, 0.928153395652771, 0.9269927740097046, 0.9179001450538635, 0.9268728494644165, 0.9402067065238953, 0.9183452129364014, 0.9385756254196167]}