{"means": [0.00990812573581934, -0.0016007391968742013, 0.0007764041074551642, -4.779849768965505e-05, 0.00012971421529073268, -0.0005883336998522282, 0.0001405867369612679, 0.0006243446841835976, -0.0004576705687213689, -0.0003273875918239355, 0.0009208073606714606, -1.10391374619212e-06, -5.640251038130373e-05, 0.0006093388656154275, 7.5456255217432044e-06, -0.00012652331497520208, -1.9175440684193745e-05], "stds": [0.8576460480690002, 0.9199501276016235, 0.9011877179145813, 0.9169118404388428, 0.9097064733505249, 0.8951699137687683, 0.9127765893936157, 0.8960436582565308, 0.9080818891525269, 0.9015006422996521, 0.9101207852363586, 0.9061298370361328, 0.8986085653305054, 0.9011967182159424, 0.9036226868629456, 0.9186809659004211, 0.9172534942626953]}