{"means": [0.0006249345024116337, -0.0026473687030375004, -0.0010942285880446434, 1.9200631868443452e-05, 7.4824842158705e-05, -5.034330388298258e-05, -9.2287955339998e-06, -0.00025780516443774104, 0.0009059648145921528, -5.669539677910507e-05, 0.0004942156956531107, -2.923094143625349e-06, 1.0364619811298326e-05, -3.488036600174382e-05, -3.9497508623753674e-06, 3.594052395783365e-05, 2.7307740310789086e-05], "stds": [0.9021528363227844, 0.9425339102745056, 0.9144396781921387, 0.9211694598197937, 0.9318805932998657, 0.9033734202384949, 0.9263581037521362, 0.9192609786987305, 0.9344480633735657, 0.9068217873573303, 0.9272605776786804, 0.9261811971664429, 0.9198143482208252, 0.928265392780304, 0.9271389842033386, 0.9252786040306091, 0.9315586686134338]}