{"means": [-0.0013625991996377707, -0.00041870749555528164, -0.0016417739680036902, -0.00032881778315640986, -3.605254096328281e-05, 0.0001227208413183689, 3.083136334680603e-06, -0.00011957998503930867, -0.003931006882339716, -0.0002152084489353001, 0.0009024288738146424, 1.1676370377244893e-05, -1.0188295163970906e-05, 0.0008137206314131618, -3.56634336640127e-05, 2.2343699583871057e-06, -3.5017113987123594e-05], "stds": [0.8955060243606567, 0.9314603209495544, 0.9084950685501099, 0.915826678276062, 0.9291797876358032, 0.9114781618118286, 0.9232270121574402, 0.9036340117454529, 0.9339597225189209, 0.9152688980102539, 0.9269446730613708, 0.9184170961380005, 0.9178978800773621, 0.927524983882904, 0.9252028465270996, 0.9424953460693359, 0.938839852809906]}