{"means": [-0.00079390499740839, -0.0013691738713532686, -0.0004366682260297239, 3.521544931572862e-05, -0.00014011203893460333, -0.00028631839086301625, -4.055329191032797e-05, -0.00016618764493614435, 0.0007215208024717867, -3.941866907553049e-06, 0.0011841048253700137, 1.907780642795842e-05, -3.180597195751034e-05, -4.149780943407677e-05, 1.0453436516399961e-05, -3.421992005314678e-05, 2.5565368559909984e-06], "stds": [0.894424557685852, 0.9437755346298218, 0.9161826372146606, 0.9261556267738342, 0.935773491859436, 0.9117332100868225, 0.933418333530426, 0.9218353629112244, 0.9317923188209534, 0.9201699495315552, 0.9301733374595642, 0.9267128109931946, 0.9234992265701294, 0.9314351677894592, 0.92899090051651, 0.9350613355636597, 0.9341140985488892]}