{"means": [0.0009331181063316762, 2.2376767446985468e-05, -4.645728495233925e-07, 0.00024301551457028836, 6.908363957336405e-06, 7.254807860590518e-05, 5.739802145399153e-05, -4.937348876410397e-07, 1.6969961507129483e-05, 7.804101187502965e-06, -2.8908601962029934e-05, 2.3674379917792976e-05, -2.0438179490156472e-05, 2.409696207905654e-06, -4.555059604172129e-06, 7.038483090582304e-06, 5.651256287819706e-06], "stds": [0.9682586193084717, 0.9447413086891174, 0.952224612236023, 0.9437936544418335, 0.9472854733467102, 0.9404940009117126, 0.9523787498474121, 0.9474840760231018, 0.9507598280906677, 0.9409663081169128, 0.947438657283783, 0.9534905552864075, 0.9395609498023987, 0.9503962993621826, 0.9495930075645447, 0.961916983127594, 0.9555323719978333]}