{"means": [-0.002030132571235299, 0.0009345088619738817, -0.0005674938438460231, 0.00035110986209474504, 2.2559943317901343e-05, -2.6540250473772176e-05, -3.596126407501288e-05, -2.34889967032359e-06, 0.00031914308783598244, 7.413154526147991e-05, -3.669719444587827e-05, -6.23644154984504e-05, 1.0329850738344248e-05, -5.5133074056357145e-05, -2.1342470063245855e-05, 4.428772228948219e-07, -1.5999773950170493e-06], "stds": [0.9220960140228271, 0.9509692788124084, 0.9282706379890442, 0.935039222240448, 0.9446873664855957, 0.9277248382568359, 0.9401290416717529, 0.9395285844802856, 0.9435935020446777, 0.9308433532714844, 0.9417949318885803, 0.9361467361450195, 0.9327139854431152, 0.9355344772338867, 0.9386477470397949, 0.9513072967529297, 0.9425424337387085]}